﻿Designator,Footprint,Quantity,Value,LCSC Part #
C1,C_Rect_triple,1,1uF,
"C10, C11, C20, C21, C30, C31",C_Disc_D4.7mm_W2.5mm_P5.00mm,6,10uF,
"C2, C40, C41",C_Disc_D5.1mm_W3.2mm_P5.00mm,3,1uF,
C3,CP_Radial_D6.3mm_P2.50mm,1,120uF,
"C4, C42, C5, C6, C9",C_Disc_D4.7mm_W2.5mm_P5.00mm,5,100nF,
"C7, C8",C_Disc_D3.8mm_W2.6mm_P2.50mm,2,22pF,
CN1,SMA_Amphenol_132291-12_Vertical,1,SMA,
"CT1, CT2, CT3",Molex_SL_171971-0002_1x02_P2.54mm_Vertical,3,Conn_01x02,
D1,D_DO-201AE_P15.24mm_Horizontal,1,LCE7.0A,
"D11, D12, D21, D22, D31, D32",D_SOD-523_TVS,6,UCLAMP3301H.TCT,
FL1,Choke_Schaffner_RNx14,1,RN214-0.3-02-47M,
"FS0, FS1, FS2, FS3",Fuse_Littelfuse_395Series,4,1A x 250V,
"GDT0, GDT1, GDT2, GDT3",2093300SMRPLF,4,GDT 3kV,
"GM1, GM2, GM3",IsoM3300BL5,3,320V,
IC1,DIP-28_W7.62mm_LongPads,1,ATmega328-P,
IC2,DIP-8_W7.62mm_Socket_LongPads,1,LM358,
J0,Molex_SL_171971-0006_1x06_P2.54mm_Vertical,1,FTDI,
J1,Molex_SL_171971-0002_1x02_P2.54mm_Vertical,1,RESET,
J10,Molex_SL_171971-0003_1x03_P2.54mm_Vertical,1,D10,
J11,Molex_SL_171971-0003_1x03_P2.54mm_Vertical,1,D11,
J12,Molex_SL_171971-0003_1x03_P2.54mm_Vertical,1,D12,
J13,Molex_SL_171971-0003_1x03_P2.54mm_Vertical,1,D13,
J16,Molex_SL_171971-0002_1x02_P2.54mm_Vertical,1,D2,
J17,Molex_SL_171971-0002_1x02_P2.54mm_Vertical,1,D3,
J18,Molex_SL_171971-0002_1x02_P2.54mm_Vertical,1,D4,
J19,Molex_SL_171971-0002_1x02_P2.54mm_Vertical,1,D5,
J2,Molex_SL_171971-0003_1x03_P2.54mm_Vertical,1,D2,
J21,Molex_SL_171971-0002_1x02_P2.54mm_Vertical,1,D6,
J22,Molex_SL_171971-0002_1x02_P2.54mm_Vertical,1,D7,
J23,Molex_SL_171971-0002_1x02_P2.54mm_Vertical,1,D8,
J24,Molex_SL_171971-0002_1x02_P2.54mm_Vertical,1,D9,
J25,Molex_SL_171971-0002_1x02_P2.54mm_Vertical,1,D10,
J26,Molex_SL_171971-0002_1x02_P2.54mm_Vertical,1,D11,
J27,Molex_SL_171971-0002_1x02_P2.54mm_Vertical,1,D12,
J28,Molex_SL_171971-0002_1x02_P2.54mm_Vertical,1,D13,
J3,Molex_SL_171971-0003_1x03_P2.54mm_Vertical,1,D3,
J30,Molex_SL_171971-0004_1x04_P2.54mm_Vertical,1,OLED,
"J31, J32",Molex_SL_171971-0003_1x03_P2.54mm_Vertical,2,DS18B20,
J4,Molex_SL_171971-0003_1x03_P2.54mm_Vertical,1,D4,
J5,Molex_SL_171971-0003_1x03_P2.54mm_Vertical,1,D5,
J6,Molex_SL_171971-0003_1x03_P2.54mm_Vertical,1,D6,
J7,Molex_SL_171971-0003_1x03_P2.54mm_Vertical,1,D7,
J8,Molex_SL_171971-0003_1x03_P2.54mm_Vertical,1,D8,
J9,Molex_SL_171971-0003_1x03_P2.54mm_Vertical,1,D9,
JP8,PinHeader_1x06_P2.54mm_Vertical,1,UART_EXT,
L1,L_Radial_D9.5mm_P5.00mm_Fastron_07HVP,1,10uH,
PS1,CONV_LDxx-23B05R2,1,LD10-23B05R2,
PWR1,"PhoenixContact_MSTBV_2,5_5-GF-5,08_1x05_P5.08mm_Vertical_ThreadedFlange",1,Conn_01x05_PWR,
"R1, R2, R5",R_Axial_DIN0204_L3.6mm_D1.6mm_P7.62mm_Horizontal,3,10K,
"R10, R11, R12, R13, R20, R21, R22, R23, R30, R31, R32, R33",1206,12,15K,
"R14, R24, R34",R_Axial_DIN0204_L3.6mm_D1.6mm_P7.62mm_Horizontal,3,75,
"R15, R17, R25, R27, R35, R37",R_Axial_DIN0204_L3.6mm_D1.6mm_P7.62mm_Horizontal,6,1K,
"R16, R26, R36",R_Axial_DIN0207_L6.3mm_D2.5mm_P10.16mm_Horizontal,3,150,
R3,R_Axial_DIN0204_L3.6mm_D1.6mm_P7.62mm_Horizontal,1,1M,
R4,R_Axial_DIN0204_L3.6mm_D1.6mm_P7.62mm_Horizontal,1,47K,
R6,R_Axial_DIN0204_L3.6mm_D1.6mm_P7.62mm_Horizontal,1,4.7K,
RF1,RFM12B_RFM69CW,1,RFM12B/RFM69CW,
"RV0, RV1, RV2, RV3",MOV14D471KKTR,4,300V,
SPI_EXT0,PinHeader_1x06_P2.54mm_Vertical,1,SPI_EXT,
"TR1, TR2, TR3",Transformer_Zeming_ZMPT101K,3,ZMPT101K,
U1,SOT-89-5_Handsoldering,1,AP2112R5-3.3TRG1,
X1,Crystal_HC49-U_Vertical,1,16MHz,
